<?xml version="1.0" encoding="UTF-8" standalone="yes"?>
<addon id="plugin.video.sports" name="Sports" version="1.0.0" provider-name="misc123">
    <extension point="xbmc.python.pluginsource" library="default.py">
        <provides>video</provides>
    </extension>
    <extension point="xbmc.addon.metadata">
        <summary lang="en"></summary>
        <description lang="en"></description>
        <disclaimer lang="en">For educational purposes only.</disclaimer>
        <platform>all</platform>
        <genre>Sports</genre>
        <assets>
            <icon>icon.png</icon>
            <fanart>fanart.jpg</fanart>
        </assets>
    </extension>
</addon>
