<?xml version="1.0" encoding="UTF-8"?>
<addon id="plugin.video.canews" name="Canada News" version="1.0.3" provider-name="misc123">
    <requires>
        <import addon="xbmc.python" version="3.0.0"/>
    </requires>
    <extension point="xbmc.python.pluginsource" library="default.py">
        <provides>video</provides>
    </extension>
    <extension point="xbmc.addon.metadata">
        <summary lang="en">Your summary here</summary>
        <description lang="en">Your description here</description>
        <platform>all</platform>
        <assets>
            <icon>icon.png</icon>
        </assets>
    </extension>
</addon>
