<favourites>
    <favourite name="星火电视" thumb="androidapp://sources/apps/com.aesq.yh.png">
        StartAndroidActivity("com.aesq.yh")
    </favourite>
    <favourite name="明報5:30加拿大新聞" thumb="https://yt3.googleusercontent.com/QxVeO0C3nsZjumGWHkaVzh9zWnLdr30i93jS0I0I-glgtL8x_B4ZFd_J5Acb-5t1RBzcy-0q=s176-c-k-c0x00ffffff-no-rj">
        ActivateWindow(10025,"plugin://plugin.video.youtube/channel/UCuaiQk1XUTc3q4HaL36E_Dg/",return)
    </favourite>
    <favourite name="無綫新聞" thumb="https://yt3.ggpht.com/ytc/AGIKgqOZnL3_RjpUFbfe1ZI8rfGNLjFsMgMcsTnSg3gOSA=s800-c-k-c0x00ffffff-no-rj">
        ActivateWindow(10025,"plugin://plugin.video.youtube/channel/UCvdc-bj7Onv5XhEC5z8_JUg/",return)
    </favourite>
    <favourite name="Citytv">
        PlayMedia("plugin://plugin.video.daddylive/?mode=play&amp;url=https%3A%2F%2Fdaddylive.mp%2F%2Fstream%2Fstream-831.php")
    </favourite>
    <favourite name="CTV Canada">
        PlayMedia("plugin://plugin.video.daddylive/?mode=play&amp;url=https%3A%2F%2Fdaddylive.mp%2F%2Fstream%2Fstream-602.php")
    </favourite>
    <favourite name="CTV 2 Canada">
        PlayMedia("plugin://plugin.video.daddylive/?mode=play&amp;url=https%3A%2F%2Fdaddylive.mp%2F%2Fstream%2Fstream-838.php")
    </favourite>
    <favourite name="Global CA">
        PlayMedia("plugin://plugin.video.daddylive/?mode=play&amp;url=https%3A%2F%2Fdaddylive.mp%2F%2Fstream%2Fstream-836.php")
    </favourite>
    <favourite name="CBC CA">
        PlayMedia("plugin://plugin.video.daddylive/?mode=play&amp;url=https%3A%2F%2Fdaddylive.mp%2F%2Fstream%2Fstream-699.php")
    </favourite>
    <favourite name="CBC CA">
        PlayMedia("plugin://plugin.video.daddylive/?mode=play&amp;url=https%3A%2F%2Fdaddylive.mp%2F%2Fstream%2Fstream-832.php")
    </favourite>
    <favourite name="CNBC USA">
        PlayMedia("plugin://plugin.video.daddylive/?mode=play&amp;url=https%3A%2F%2Fdaddylive.mp%2F%2Fstream%2Fstream-309.php")
    </favourite>
    <favourite name="CNN USA">
        PlayMedia("plugin://plugin.video.daddylive/?mode=play&amp;url=https%3A%2F%2Fdaddylive.mp%2F%2Fstream%2Fstream-345.php")
    </favourite>
    <favourite name="Disney Channel">
        PlayMedia("plugin://plugin.video.daddylive/?mode=play&amp;url=https%3A%2F%2Fdaddylive.mp%2F%2Fstream%2Fstream-312.php")
    </favourite>
    <favourite name="Disney JR">
        PlayMedia("plugin://plugin.video.daddylive/?mode=play&amp;url=https%3A%2F%2Fdaddylive.mp%2F%2Fstream%2Fstream-652.php")
    </favourite>
</favourites>
