<favourites>
###---Canadian News---###
    <favourite name="明報5:30加拿大新聞" thumb="https://yt3.googleusercontent.com/QxVeO0C3nsZjumGWHkaVzh9zWnLdr30i93jS0I0I-glgtL8x_B4ZFd_J5Acb-5t1RBzcy-0q=s176-c-k-c0x00ffffff-no-rj">ActivateWindow(10025,"plugin://plugin.video.youtube/channel/UCuaiQk1XUTc3q4HaL36E_Dg/",return)</favourite>
    <favourite name="CP24" thumb="http://img.rapidstreams.io/1/data/images/61454_image_150x150.png|User-Agent=okhttp%2F3.10.0">PlayMedia(&quot;plugin://plugin.video.looptv/play/145/2439/play.pvr&quot;)</favourite>
    <favourite name="CTV NEWS NETWORK" thumb="http://img.rapidstreams.io/1/data/images/66103_download_11_150x150.png|User-Agent=okhttp%2F3.10.0">PlayMedia(&quot;plugin://plugin.video.looptv/play/145/2395/play.pvr&quot;)</favourite>
    <favourite name="CBC NEWS NETWORK" thumb="http://img.rapidstreams.io/1/data/images/47514_220x124-CBC_News_Network_150x150.jpg|User-Agent=okhttp%2F3.10.0">PlayMedia(&quot;plugin://plugin.video.looptv/play/145/2398/play.pvr&quot;)</favourite>
    <favourite name="CITY TV TORONTTO" thumb="http://img.rapidstreams.io/1/data/images/75711_download_2_150x150.jpeg|User-Agent=okhttp%2F3.10.0">PlayMedia(&quot;plugin://plugin.video.looptv/play/145/2403/play.pvr&quot;)</favourite>
    <favourite name="GLOBAL TV" thumb="http://img.rapidstreams.io/1/data/images/92398_images_1_150x150.png|User-Agent=okhttp%2F3.10.0">PlayMedia(&quot;plugin://plugin.video.looptv/play/145/2420/play.pvr&quot;)</favourite>
    <favourite name="CTV" thumb="http://img.rapidstreams.io/1/data/images/82023_download_10_150x150.png|User-Agent=okhttp%2F3.10.0">PlayMedia(&quot;plugin://plugin.video.looptv/play/145/2392/play.pvr&quot;)</favourite>
</favourites>
