<?xml version="1.0" encoding="UTF-8" standalone="yes"?>
<addon id="plugin.video.politics" name="時政熱點" version="1.0.1" provider-name="J1 modded by misc123">
    <extension point="xbmc.python.pluginsource" library="default.py">
        <provides>video</provides>
    </extension>
    <extension point="xbmc.addon.metadata">
        <summary lang="en"></summary>
        <description lang="en"></description>
        <disclaimer lang="en"></disclaimer>
        <platform>all</platform>
        <news></news>
        <genre>All</genre>
        <video_guide></video_guide>
        <video_preview></video_preview>
        <assets>
           <icon>icon.png</icon>
        </assets>
    </extension>
</addon>
