<?xml version="1.0" encoding="UTF-8" standalone="yes"?>
<addon id="plugin.video.playlist" name="TV Playlist" version="1.0.1" provider-name="misc123">
    <requires>
        <import addon="xbmc.python" version="3.0.0"/>
    </requires>
    <extension point="xbmc.python.pluginsource" library="default.py">
        <provides>video</provides>
    </extension>
    <extension point="xbmc.addon.metadata">
        <summary lang="en">Provides a local M3U playlist</summary>
        <description lang="en"></description>
        <platform>all</platform>
    </extension>
</addon>
